203.24.157.184,
173.161.185.218,
97.1.152.124,
243.15.53.253,
243.8.5.174,
185.36.148.24,
157.41.232.124,
170.228.41.124,
41.13.118.177,
249.159.93.136,
41.236.124.156,
62.74.74.243,
182.34.15.141,
237.197.12.15,
46.81.19.154,
253.12.236.218,
182.6.32.227,
249.212.185.196,
92.55.93.6,
41.236.93.81,
132.243.3.144,
74.44.86.137,
243.46.74.186,
77.241.172.5,
18.237.122.24,
36.89.136.103,
171.233.22.224,
111.149.172.139,
23.15.81.253,
118.5.32.148,
26.74.157.226,
199.132.253.133,
156.46.147.230,
240.40.71.93,
237.244.15.110,
5.172.124.6,
74.174.18.18,
221.77.243.136,
86.136.221.213,
169.237.81.156,
220.122.216.139,
136.68.74.132,
216.196.18.209,
103.93.26.74,
56.72.243.97,
241.77.237.171,
1.209.204.66,
204.125.6.221,
235.133.132.68,
67.204.159.236,
184.122.46.5,
102.177.32.183,
18.91.66.186,
243.12.28.178,
243.62.204.209,
253.152.46.158,
155.156.128.133,
67.51.122.14,
125.206.159.230,
97.126.236.74,
18.55.230.254,
93.128.91.156,
228.26.154.43,
221.74.184.186,
226.13.7.227,
59.221.155.22,
152.156.213.86,
236.41.154.132,
136.71.174.241,
204.81.203.174,
221.81.47.254,
185.133.252.197,
113.40.156.218,
158.74.108.46,
36.12.246.159,
8.15.250.236,
6.6.228.221,
20.105.174.229,
250.108.94.43,
253.156.107.199,
128.97.237.47,
201.177.130.66,
252.226.243.124,
126.24.46.143,
130.182.32.244,
219.156.236.133,
237.5.196.32,
12.72.32.155,
136.216.128.41,
224.93.226.159,
12.155.34.132,
48.254.229.196,
237.148.49.183,
110.226.177.204,
13.135.132.85,
212.46.228.226,
236.246.74.227,
13.105.156.177,
187.26.184.227,
182.182.46.187,
87.55.97.15,
74.45.124.174,
154.236.156.18,
93.6.128.74,
74.143.254.15,
6.105.128.133,
172.1.143.45,
158.221.136.186,
230.93.118.227,
97.67.34.148,
174.116.243.241,
78.77.149.71,
158.45.43.243,
243.5.48.12,
45.12.22.22,
124.3.237.118,
72.156.163.254,
237.55.22.22,
108.22.240.187,
253.129.182.136,
37.161.45.66,
124.237.182.186,
89.111.126.237,
128.74.20.243,
101.253.159.209,
195.22.84.220,
128.41.53.91,
224.12.156.178,
37.101.252.221,
46.253.159.71,
17.22.182.228,
195.197.17.141,
5.227.28.93,
132.141.135.97,
73.22.249.101,
203.173.75.170,
167.154.49.144,
67.89.132.108,
105.233.221.110,
161.228.254.132,
42.107.41.12,
91.141.70.177,
233.18.71.244,
230.47.221.74,
74.148.118.163,
107.253.197.152,
13.116.15.209,
159.180.63.139,
110.185.249.186,
236.106.46.221,
177.122.158.154,
92.131.133.232,
212.36.89.70,
73.152.74.14,
199.132.24.186,
37.12.46.46,
209.236.237.132,
135.156.244.87,
159.37.40.33,
170.93.62.252,
99.118.228.22,
112.93.155.5,
160.103.177.106,
42.139.71.133,
75.77.128.167,
169.144.240.44,
84.5.144.46,
12.12.1.213,
229.171.93.137,
12.177.18.118,
23.6.131.58,
232.228.186.148,
74.41.136.124,
113.204.144.6,
40.243.72.146,
173.155.204.133,
130.173.227.132,
213.26.159.22,
204.171.158.249,
212.89.34.154,
113.45.49.253,
70.237.232.156,
183.154.8.93,
158.19.227.126,
129.156.15.46,
237.143.33.129,
237.233.229.219,
59.58.199.252,
44.43.130.185,
177.36.174.24,
240.237.173.216,
170.211.71.203,
231.159.77.70,
86.6.237.78,
102.233.137.103,
84.228.32.235,
67.34.136.185,
103.171.107.46,
78.148.41.7,
128.177.84.128,
174.106.26.131,
226.216.187.133,
236.42.222.63,
93.74.216.187,
126.143.6.128,
203.111.216.212,
174.227.70.132,
253.222.37.44,
226.112.5.240,
224.241.75.232,
12.213.22.89,
126.228.5.250,
22.85.156.62,
121.228.108.227,
24.56.149.40,
128.147.236.93,
221.68.159.130,
105.43.237.196,
195.133.149.132,
73.19.74.169,
116.253.59.240,
236.5.121.236,
70.5.12.103,
211.13.218.46,
171.185.195.211,
154.137.211.143,
18.97.199.15,
235.7.222.129,
152.221.216.48,
89.13.182.161,
18.103.237.70,
20.186.222.110,
23.159.94.125,
6.81.215.206,
70.167.12.15,
103.203.184.143,
178.227.85.139,
182.63.86.230,
122.66.46.20,
220.222.122.125,
220.159.226.177,
126.66.222.171,
170.226.226.169,
93.240.45.77,
18.116.34.75,
128.221.132.1,
159.24.155.144,
6.97.220.55,
13.44.230.22,
6.13.201.23,
58.230.67.186,
132.22.55.228,
6.209.15.48,
105.249.93.126,
5.14.93.34,
209.249.116.139,
8.93.26.218,
157.20.243.174,
227.159.129.231,
229.196.228.161,
155.132.170.177,
224.47.235.43,
113.159.85.12,
130.128.131.186,
112.70.173.93,
72.221.147.182,
94.46.97.253,
121.243.130.159,
36.17.70.129,
231.241.229.126,
253.12.37.121,
66.209.220.103,
197.129.103.86,
159.33.206.86,
241.231.113.15,
195.118.182.15,
195.26.46.126,
195.136.197.155,
152.185.55.12,
154.74.68.199,
45.53.241.243,
157.84.186.182,
84.43.172.116,
178.133.241.183,
229.42.26.72,
132.155.71.128,
93.155.26.237,
136.174.230.43,
149.91.13.13,
213.51.178.196,
173.93.250.231,
12.13.218.6,
186.129.62.228,
204.71.36.44,
253.40.49.106,
129.135.185.101,
84.197.212.18,
87.243.244.185,
137.197.254.68,
47.72.216.55,
250.130.171.246,
37.18.178.216,
128.235.77.33,
44.118.243.74,
44.116.222.159,
18.105.13.195,
110.70.23.241,
133.184.110.152,
169.18.74.93,
48.81.110.195,
92.89.37.154,
228.143.122.173,
84.154.18.18,
3.170.72.220,
199.75.230.22,
157.19.136.221,
229.71.132.180,
174.6.148.237,
241.15.221.253,
182.237.155.154,
218.112.44.44,
105.19.112.84,
253.128.40.220,
128.62.43.132,
84.226.12.125,
158.45.156.186,
12.15.13.106,
230.229.185.228,
226.171.55.22,
159.112.215.15,
89.213.41.33,
228.81.197.124,
184.170.37.91,
7.180.218.173,
137.32.68.1,
237.254.144.37,
23.126.14.211,
24.5.250.74,
221.28.92.97,
6.53.209.155,
49.230.213.135,
227.133.163.139,
226.5.41.241,
132.196.13.155,
243.73.63.124,
28.66.241.122,
237.174.177.158,
59.46.237.48,
122.196.156.131,
41.71.199.136,
155.226.6.124,
40.106.23.66,
12.85.177.24,
44.182.197.124,
84.74.63.46,
47.148.53.41,
81.252.71.182,
18.86.136.129,
116.233.226.201,
37.177.93.237,
154.40.218.28,
124.174.125.132,
124.221.128.240,
229.156.20.148,
135.172.197.209,
36.122.77.216,
136.220.5.218,
136.70.110.209,
186.212.237.156,
226.113.24.174,
216.63.105.78,
213.243.204.108,
161.148.92.146,
6.141.78.204,
172.155.235.122,
93.216.5.132,
24.128.159.159,
6.93.209.227,
197.68.74.66,
68.41.236.103,
228.93.46.152,
110.18.243.154,
172.42.132.53,
170.15.12.155,
13.250.63.195,
201.6.241.12,
116.68.222.249,
186.199.132.73,
74.103.118.226,
224.86.53.34,
26.224.237.237,
249.220.237.73,
167.224.221.107,
112.196.220.235,
20.211.13.45,
243.71.154.158,
87.6.55.71,
105.41.161.86,
22.53.227.139,
19.218.232.94,
221.86.229.236,
236.220.51.6,
22.73.243.147,
118.41.204.148,
229.107.132.113,
67.237.174.128,
36.132.226.28,
24.107.34.155,
126.177.236.8,
196.22.74.186,
241.185.3.243,
237.180.196.240,
152.186.227.170,
46.68.244.216,
170.97.233.177,
46.33.178.232,
112.131.26.161,
215.240.148.237,
158.6.237.46,
130.243.149.177,
250.12.108.199,
180.243.159.126,
47.186.177.41,
212.241.74.236,
201.67.143.46,
159.131.237.44,
23.237.12.40,
227.172.111.224,
249.53.250.135,
158.227.224.122,
44.86.46.46,
46.240.7.178,
241.252.147.86,
62.139.228.126,
154.72.116.186,
227.46.236.144,
132.216.139.41,
97.86.125.6,
12.246.221.92,
199.77.36.158,
243.218.219.228,
220.155.17.155,
44.148.7.169,
62.155.216.46,
227.93.3.244,
139.133.5.229,
128.12.236.159,
58.243.74.12,
56.122.236.37,
146.97.33.53,
128.110.232.237,
40.196.137.243,
58.156.201.227,
243.32.26.154,
94.58.148.41,
235.196.87.213,
132.246.209.218,
139.148.228.240,
227.32.92.18,
37.243.13.172,
46.218.24.219,
125.84.155.143,
139.227.19.121,
12.157.56.93,
163.92.101.6,
41.71.49.107,
121.128.74.92,
17.227.74.128,
160.237.183.128,
87.160.204.156,
15.66.180.204,
74.14.241.107,
94.244.102.15,
220.199.118.74,
144.227.24.201,
128.44.67.252,
124.136.132.226,
216.14.63.24,
252.22.169.170,
111.5.169.132,
227.37.42.70,
32.157.12.136,
236.51.154.26,
139.78.235.118,
6.6.209.33,
124.103.53.229,
53.51.97.147,
34.180.78.157,
113.221.148.229,
19.14.236.53,
32.15.180.230,
141.244.68.36,
71.48.116.235,
42.195.227.13,
227.187.161.12,
67.85.154.201,
15.177.42.195,
118.81.43.136,
55.24.236.18,
209.227.221.172,
15.19.230.99,
201.99.74.44,
26.139.19.203,
156.252.41.211,
92.66.224.44,
74.55.73.12,
221.204.250.23,
18.172.81.131,
243.218.161.42,
34.182.107.73,
53.141.174.113,
154.124.226.233,
110.241.171.186,
183.220.74.132,
177.177.93.228,
233.182.37.47,
195.230.221.195,
15.66.186.71,
18.240.157.89,
237.184.68.93,
228.227.236.203,
139.48.12.216,
219.93.17.237,
185.237.136.244,
244.44.137.203,
56.70.118.128,
187.23.224.56,
229.8.237.46,
133.92.167.182,
68.174.195.132,
226.15.102.227,
108.28.6.235,
147.15.93.244,
33.148.204.28,
136.132.233.18,
126.99.72.13,
243.159.55.24,
111.68.129.209,
34.101.51.147,
97.139.172.46,
78.106.112.221,
32.161.32.72,
158.1.152.28,
71.110.186.182,
185.97.147.13,
15.218.74.106,
173.6.36.229,
243.139.71.92,
241.128.132.32,
227.228.66.49,
221.253.227.177,
34.195.146.241,
240.229.222.133,
46.155.232.159,
63.46.148.40,
44.102.3.113,
156.222.81.136,
156.121.243.172,
146.128.33.122,
246.81.116.70,
15.55.167.204,
136.15.209.84,
157.195.221.15,
14.111.161.226,
75.204.6.156,
221.37.26.156,
15.112.6.49,
63.74.1.215,
156.132.93.161,
155.86.180.121,
215.111.55.133,
15.212.216.13,
227.167.93.36,
53.6.55.131,
41.3.226.216,
32.14.152.160,
221.106.201.146,
87.227.155.74,
32.55.132.174,
63.226.75.47,
154.15.157.71,
147.243.227.221,
36.24.112.159,
147.132.93.137,
85.74.135.84,
5.24.185.13,
34.148.133.201,
243.177.243.93,
15.196.252.15,
252.228.59.47,
48.13.226.169,
19.1.143.204,
46.184.37.68,
243.199.74.86,
101.53.147.228,
243.203.66.112,
156.93.154.240,
126.46.103.59,
241.204.184.218,
144.46.48.93,
71.253.46.152,
15.75.136.169,
216.55.237.241,
41.49.19.41,
147.173.156.71,
53.133.103.14,
221.139.156.137,
63.155.240.167,
139.137.58.170,
6.24.108.40,
32.53.146.174,
230.143.233.6,
178.55.158.137,
55.41.250.218,
158.6.227.137,
156.15.173.204,
122.78.13.36,
221.161.160.66,
227.199.44.199,
32.48.18.113,
32.37.101.218,
128.158.1.177,
204.8.46.219,
22.154.154.157,
13.93.12.126,
243.229.6.126,
148.12.213.53,
249.172.42.204,
71.37.59.111,
201.121.147.22,
250.12.118.75,
149.46.149.173,
156.53.18.15,
253.206.159.204,
141.159.106.66,
135.197.103.167,
227.185.209.49,
147.26.243.85,
12.74.128.18,
7.15.227.136,
15.107.111.161,
71.136.159.13,
229.173.135.226,
221.240.84.224,
232.129.233.149,
159.159.218.5,
237.186.196.209,
37.49.155.41,
254.55.48.8,
252.211.13.32,
185.19.70.144,
197.124.136.195,
74.216.177.74,
43.136.243.129,
132.252.221.226,
130.118.136.221,
37.49.155.7,
126.56.99.237,
112.237.196.243,
110.128.23.108,
132.8.34.15,
73.243.196.229,
229.118.122.199,
42.18.126.244,
146.237.237.97,
156.37.139.49,
240.49.228.13,
84.227.132.233,
221.23.77.159,
107.174.58.110,
28.171.231.45,
103.139.124.229,
237.6.237.128,
87.128.173.107,
15.226.178.24,
254.156.253.128,
221.171.253.159,
67.133.249.37,
219.15.18.180,
184.186.24.144,
111.141.113.46,
19.26.149.170,
110.122.41.224,
85.24.159.136,
126.70.84.213,
174.22.203.75,
156.158.159.68,
241.46.237.253,
228.209.154.94,
159.74.66.196,
204.128.182.132,
26.212.152.241,
226.141.157.71,
147.163.244.53,
228.49.118.34,
235.227.53.116,
132.197.43.253,
253.15.171.155,
36.161.167.56,
124.204.72.227,
173.209.178.155,
41.149.178.213,
237.197.228.154,
56.253.66.240,
178.63.126.86,
36.228.49.126,
226.139.186.45,
103.118.130.46,
237.93.122.159,
36.196.135.6,
12.77.24.132,
12.220.139.84,
226.222.201.180,
227.103.47.74,
124.23.132.75,
32.93.86.6,
174.67.46.232,
91.173.18.68,
19.41.132.237,
72.107.68.201,
22.131.253.159,
227.212.154.12,
152.237.37.250,
229.226.6.199,
244.177.132.33,
211.107.74.149,
59.155.232.84,
244.246.152.24,
131.231.195.139,
18.12.185.112,
7.229.174.45,
229.15.148.124,
108.174.218.132,
47.55.185.216,
46.227.184.8,
6.111.72.183,
227.93.180.92,
124.196.99.103,
92.159.136.209,
155.121.170.241,
111.132.232.126,
18.241.229.101,
70.213.204.66,
40.186.135.216,
177.110.240.113,
105.169.237.55,
172.154.110.204,
87.160.227.161,
155.74.163.74,
99.227.183.110,
71.121.233.173,
116.227.87.226,
213.48.212.71,
12.177.124.28,
196.112.122.159,
222.77.177.93,
43.174.68.63,
136.74.224.159,
219.125.174.158,
131.173.237.156,
250.93.125.75,
71.237.196.107,
18.156.71.37,
6.110.220.6,
128.187.74.159,
249.7.232.216,
186.240.45.68,
122.216.136.6,
136.42.89.177,
70.73.133.182,
215.243.227.174,
154.160.68.53,
26.159.33.6,
136.155.74.226,
221.36.154.232,
66.224.15.97,
47.159.250.154,
36.149.71.13,
187.24.40.84,
18.159.206.74,
254.34.14.228,
219.103.23.159,
173.211.133.45,
73.124.44.221,
17.6.229.185,
148.8.71.136,
107.230.85.68,
32.28.177.135,
159.97.41.43,
233.212.103.18,
37.20.185.44,
141.204.182.227,
237.169.211.173,
235.197.253.18,
216.226.3.125,
201.5.68.128,
237.130.71.159,
6.3.160.243,
228.94.13.219,
125.128.216.51,
159.132.173.230,
5.132.15.67,
15.122.147.136,
74.253.55.71,
244.107.133.186,
227.243.73.77,
78.254.241.154,
130.154.126.148,
226.159.37.55,
105.196.252.122,
216.6.71.178,
244.126.12.249,
84.254.218.46,
32.159.253.133,
74.209.118.133,
158.237.236.129,
58.141.126.42,
74.74.124.169,
204.244.6.147,
232.47.81.99,
5.84.147.211,
18.249.122.81,
18.219.12.40,
132.215.74.17,
91.163.163.12,
89.92.103.227,
154.159.12.229,
201.221.22.18,
62.13.253.221,
47.177.240.77,
230.221.106.19,
59.74.48.253,
250.33.157.146,
218.72.185.196,
24.46.71.243,
204.227.226.78,
174.159.15.51,
15.209.1.228,
147.169.184.3,
204.32.68.236,
156.118.148.172,
231.243.171.8,
183.68.19.185,
15.177.240.33,
20.86.157.44,
221.221.139.171,
73.42.136.15,
108.227.15.186,
186.126.55.6,
45.249.224.213,
228.156.32.22,
144.6.213.1,
211.133.252.118,
19.36.139.204,
186.18.24.229,
132.250.196.6,
6.144.46.206,
32.177.93.186,
139.233.44.216,
226.156.32.182,
236.43.147.84,
195.99.169.92,
55.56.44.5,
174.240.74.70,
216.89.236.91,
250.19.163.42,
133.243.130.174,
93.110.67.129,
41.230.44.87,
229.228.22.152,
152.112.167.22,
133.136.74.15,
74.132.158.15,
237.146.228.97,
87.184.75.129,
216.154.197.74,
160.236.186.46,
122.240.128.8,
93.112.206.49,
43.12.132.178,
172.195.235.184,
204.170.241.216,
47.243.102.220,
124.246.34.12,
186.206.101.49,
154.177.32.112,
131.5.163.149,
204.22.172.77,
51.249.37.55,
107.22.216.92,
18.254.41.172,
148.19.171.154,
159.221.128.216,
23.78.15.118,
68.146.243.154,
227.55.22.18,
129.196.126.159,
237.236.13.93,
227.158.81.170,
6.228.12.243,
180.41.226.155,
73.55.110.110,
224.8.55.28,
241.231.37.139,
105.226.118.112,
32.5.37.68,
233.94.91.184,
68.177.231.43,
241.230.19.177,
53.8.45.227,
37.224.75.33,
18.68.147.156,
174.244.126.46,
46.144.250.70,
174.5.177.132,
102.72.47.108,
84.230.186.154,
132.81.253.44,
253.48.124.173,
250.243.211.184,
160.67.148.125,
12.237.204.241,
235.93.213.236,
226.74.74.6,
148.41.174.154,
108.12.24.84,
139.113.15.226,
122.112.6.228,
132.132.122.218,
156.227.3.220,
87.86.243.229,
124.209.70.212,
46.125.44.233,
66.36.186.172,
41.124.160.42,
12.128.252.37,
6.152.41.240,
253.141.228.94,
55.204.226.243,
84.141.159.32,
173.47.197.219,
129.24.204.144,
20.229.218.221,
131.180.186.18,
173.84.146.63,
148.86.101.131,
183.156.159.124,
177.173.55.22,
28.84.204.46,
125.87.180.143,
78.136.232.125,
197.14.212.132,
184.147.92.28,
136.159.212.228,
84.161.185.70,
36.46.209.20,
24.48.196.12,
84.15.14.243,
89.6.129.122,
159.17.41.203,
46.157.66.147,
237.158.46.221,
112.6.108.26,
132.126.243.13,
71.240.99.18,
159.44.18.72,
124.74.6.43,
46.72.72.196,
201.136.6.155,
241.1.224.105,
85.182.227.87,
110.46.124.124,
209.156.246.32,
8.149.157.155,
178.55.132.241,
236.122.58.121,
26.167.74.237,
132.24.55.232,
186.177.204.209,
148.103.48.111,
154.71.182.184,
46.111.137.209,
28.149.99.237,
131.12.107.111,
37.37.148.91,
18.53.128.228,
136.209.44.74,
182.240.199.12,
182.72.73.253,
161.240.199.22,
160.87.141.3,
139.105.221.228,
220.215.236.182,
253.26.132.243,
36.228.148.71,
110.6.42.154,
136.46.93.18,
48.106.216.36,
13.74.58.53,
34.230.252.148,
160.5.154.126,
186.118.159.196,
158.6.222.19,
84.169.243.231,
74.135.97.243,
46.146.172.68,
232.66.6.152,
235.34.101.195,
228.5.132.218,
20.3.18.93,
46.154.132.45,
161.129.237.240,
226.228.148.226,
91.107.246.105,
163.213.226.32,
71.36.93.226,
178.125.53.101,
170.178.41.229,
43.46.167.172,
53.133.6.110,
32.68.136.42,
173.163.63.107,
8.26.126.228,
106.206.227.55,
241.93.204.126,
36.204.211.158,
222.128.128.227,
66.187.128.37,
171.229.237.43,
132.132.77.122,
128.182.243.71,
13.93.156.132,
178.105.254.222,
218.237.213.15,
243.132.204.136,
71.128.3.122,
156.143.237.7,
106.178.136.70,
125.5.195.18,
74.221.48.252,
155.204.169.226,
161.154.93.28,
5.103.156.33,
170.170.185.1,
216.78.129.42,
204.236.186.213,
253.17.132.236,
213.48.72.13,
229.51.124.159,
172.17.6.137,
44.105.160.15,
128.18.220.37,
232.133.18.135,
144.110.236.72,
187.185.213.133,
128.132.22.12,
195.174.32.244,
201.89.174.19,
24.71.118.51,
254.110.213.156,
174.254.86.139,
130.34.226.125,
93.131.226.40,
212.102.216.227,
84.15.135.22,
105.94.157.250,
204.237.173.156,
128.32.161.183,
46.156.199.67,
55.5.18.156,
36.6.78.180,
221.44.139.53,
203.13.133.228,
18.111.135.206,
71.172.92.246,
47.224.74.55,
196.159.87.72,
226.204.40.106,
12.173.169.156,
124.172.62.152,
218.173.241.18,
182.187.213.22,
237.154.156.243,
48.129.113.128,
231.86.17.125,
197.146.148.154,
240.237.43.15,
118.23.40.177,
143.46.228.102,
46.126.201.56,
3.183.28.161,
137.243.216.227,
13.132.135.51,
196.43.86.48,
227.66.5.221,
132.209.99.158,
170.156.15.236,
22.227.227.62,
209.173.235.128,
107.13.226.110,
22.157.133.230,
18.103.232.45,
46.41.221.15,
23.124.125.74,
243.136.173.128,
230.132.55.216,
149.216.243.144,
237.128.243.143,
132.154.46.122,
244.37.71.8,
156.22.163.36,
34.197.41.216,
204.132.101.227,
17.132.66.213,
135.144.228.246,
159.87.45.180,
156.136.72.246,
36.196.167.34,
128.204.17.110,
158.186.68.46,
110.159.108.71,
28.37.237.71,
227.3.186.135,
23.105.132.195,
227.92.101.12,
101.232.12.108,
228.68.1.44,
28.159.236.229,
253.18.246.36,
227.68.40.174,
14.113.218.187,
180.72.89.231,
136.118.28.110,
226.219.47.132,
254.99.122.129,
107.12.253.221,
37.12.136.122,
124.110.147.15,
139.93.33.71,
216.146.227.106,
74.233.126.159,
46.184.68.187,
81.227.227.132,
226.122.124.132,
32.71.132.135,
13.213.126.137,
74.74.219.148,
222.122.236.218,
132.81.40.221,
161.5.241.139,
102.229.121.87,
33.111.41.228,
130.213.209.177,
196.18.180.101,
199.77.244.71,
110.13.146.74,
159.33.103.243,
156.185.219.40,
51.84.93.94,
73.89.204.132,
152.99.241.19,
23.46.122.26,
18.101.219.139,
20.167.97.159,
155.177.137.231,
209.14.244.250,
15.37.113.74,
237.1.13.220,
206.32.169.154,
228.15.93.56,
227.133.110.177,
132.63.126.254,
157.53.213.132,
237.12.182.108,
130.18.160.243,
129.243.84.177,
182.72.206.184,
227.130.128.14,
93.160.158.63,
101.213.226.253,
18.227.93.1,
237.254.116.221,
196.124.32.99,
72.177.173.132,
240.185.99.243,
236.158.171.178,
224.139.44.243,
85.68.159.110,
85.99.12.15,
116.125.180.183,
136.155.182.204,
243.93.26.230,
20.6.12.213,
62.221.229.24,
161.66.132.67,
128.47.227.148,
37.118.182.99,
130.178.116.204,
226.128.178.253,
122.228.105.71,
87.253.186.22,
87.243.6.236,
37.15.78.139,
137.219.71.28,
218.204.136.78,
74.112.46.240,
121.167.112.70,
137.3.33.56,
44.132.216.66,
32.209.229.237,
105.241.93.126,
46.218.249.66,
141.180.240.227,
147.222.81.159,
182.149.103.240,
124.26.237.121,
124.24.155.221,
139.112.204.46,
66.45.107.45,
77.172.160.12,
220.43.131.26,
133.135.53.122,
132.71.216.22,
147.136.163.93,
51.103.3.139,
36.56.219.221,
155.243.226.221,
71.118.204.228,
20.146.148.221,
62.216.74.178,
129.201.167.66,
253.18.77.229,
22.237.48.222,
122.24.19.132,
99.129.221.184,
124.154.12.133,
204.22.107.36,
125.227.157.131,
197.219.128.158,
219.129.229.62,
126.187.41.122,
133.156.3.177,
226.243.15.226,
137.51.237.136,
148.5.206.221,
215.47.47.182,
243.201.87.209,
182.34.221.48,
154.37.249.128,
12.72.209.33,
135.172.68.22,
156.15.185.103,
40.148.204.36,
66.5.240.107,
139.124.66.159,
101.228.70.227,
73.180.220.237,
94.182.243.228,
45.161.71.5,
233.144.254.20,
36.37.156.23,
71.226.149.40,
36.132.236.103,
46.243.92.231,
204.93.157.122,
99.15.93.32,
204.159.46.68,
221.87.186.154,
177.253.15.53,
184.55.63.116,
204.122.206.243,
148.177.13.180,
159.45.24.240,
254.246.154.156,
170.13.126.211,
195.231.211.130,
237.40.169.216,
113.203.122.46,
170.46.178.233,
221.34.13.126,
132.12.187.227,
154.53.55.13,
129.15.137.3,
93.101.249.141,
224.15.243.196,
228.28.70.229,
55.63.102.163,
18.26.124.133,
55.233.177.37,
66.183.121.126,
226.124.18.33,
224.48.186.128,
173.46.250.47,
235.110.78.156,
128.132.93.43,
227.122.46.1,
93.156.12.56,
226.141.206.160,
94.126.58.13,
24.131.6.177,
169.15.15.68,
221.132.34.68,
216.237.253.186,
15.243.3.197,
132.36.37.220,
22.221.93.250,
159.237.24.92,
74.73.12.53,
212.5.235.5,
154.62.68.34,
169.3.53.218,
215.18.177.221,
215.118.227.94,
230.155.206.15,
121.85.22.81,
84.129.143.67,
68.252.15.22,
75.68.186.108,
92.195.8.7,
159.174.18.93,
89.216.182.20,
71.148.241.85,
229.63.122.124,
218.121.243.170,
155.111.13.74,
51.93.105.147,
118.170.93.12,
74.243.221.232,
186.128.229.186,
246.85.174.163,
97.161.113.53,
70.236.19.196,
173.36.40.222,
252.42.12.136,
85.146.55.110,
229.68.254.24,
236.173.156.62,
139.196.33.215,
23.86.177.240,
244.13.67.139,
204.143.121.216,
133.241.113.7,
136.37.102.68,
124.5.156.253,
183.93.240.129,
204.243.250.216,
227.22.56.222,
22.227.66.183,
126.107.240.32,
126.174.228.199,
231.158.132.243,
130.7.226.174,
15.133.125.74,
147.125.78.143,
12.68.7.12,
220.133.46.195,
227.46.111.44,
183.46.209.204,
216.159.66.160,
86.85.243.103,
102.204.213.229,
18.34.72.240,
128.108.81.178,
46.68.37.132,
131.84.41.160,
204.218.156.118,
240.126.15.58,
53.55.55.186,
227.71.221.148,
201.182.237.84,
103.46.129.174,
228.74.26.136,
229.197.59.68,
46.105.216.182,
159.224.13.46,
22.216.48.63,
71.226.172.156,
36.71.232.110,
177.201.243.68,
221.141.139.159,
74.221.243.173,
159.72.18.32,
196.218.84.48,
74.221.18.18,
254.253.187.37,
107.221.211.136,
155.97.12.71,
182.204.155.197,
221.37.131.89,
221.18.139.32,
46.86.12.155,
75.84.216.18,
243.173.216.106,
15.126.213.17,
155.124.18.125,
209.136.177.12,
32.156.15.42,
49.128.152.171,
197.126.243.43,
113.55.221.121,
12.169.230.130,
74.55.213.5,
243.254.232.201,
209.46.203.71,
180.73.254.36,
180.158.93.174,
128.45.84.36,
172.94.122.42,
174.136.5.243,
112.74.133.180,
122.227.49.160,
146.236.156.136,
227.18.173.137,
227.70.62.129,
148.84.20.1,
94.55.232.6,
252.26.99.139,
110.252.241.20,
155.244.103.32,
44.237.128.156,
81.84.44.186,
46.86.99.230,
237.230.99.72,
93.221.155.230,
201.149.229.74,
71.66.237.224,
46.243.136.26,
113.159.58.216,
233.26.12.178,
44.231.124.85,
136.221.45.250,
12.244.159.46,
204.46.15.159,
15.53.213.71,
218.159.204.154,
55.51.45.53,
3.34.67.249,
196.209.41.105,
86.6.155.12,
51.128.209.107,
132.201.118.177,
237.185.51.195,
15.74.158.94,
124.103.246.240,
235.139.169.139,
78.226.113.42,
136.41.173.7,
46.220.172.102,
139.71.68.12,
213.196.226.74,
218.56.18.41,
152.196.66.204,
19.167.209.129,
243.243.94.111,
41.20.1.122,
68.71.53.230,
209.47.133.226,
195.37.124.5,
41.129.74.159,
112.159.71.56,
118.136.5.41,
46.209.243.206,
118.44.70.187,
154.241.154.230,
8.51.36.196,
45.241.1.224,
